{
"source_article_link": "https://www.thehindu.com/news/national/plea-alleges-gender-bias-in-iaf-recruitment/article24693706.ece",
"title": "Plea alleges gender bias in IAF recruitment - The Hindu",
"date_published": "2018-08-15T00:45:32+05:30",
"source_type": "news",
"source_name": "Hindu",
"image_link": [],
"article_body": "The Delhi High Court on Tuesday sought the response of the Centre on a petition alleging \u201cgender bias\u201d and \u201cdiscrimination\u201d in the Indian Air Force for not employing women as \u2018airmen\u2019 in the technical and non-technical grades in any of its departments. A Bench of Chief Justice Rajendra Menon and Justice V. Kameswar Rao issued notice to the Ministry of Defence (MoD) and the IAF seeking their responses to the plea which has objected to the recruitment of only unmarried men to the post of \u2018airmen\u2019 in groups \u2018X\u2019 and \u2018Y\u2019 trades in all the departments of the force. Group \u2018X\u2019 trade refers to technical fields like aircraft and ground systems, while group \u2018Y\u2019 pertains to non-technical fields like logistics and accounts.",
"description": "Petitioner objects to recruitment of only unmarried men to the post of \u2018airmen\u2019 in groups \u2018X\u2019 and \u2018Y\u2019 trades",
"time_scraped": "2018-08-17 04:57:09.031776",
"article_id": "24693706",
"article_category": "National",
"image_details": []
}