{
"source_article_link": "https://www.thehindu.com/news/national/gaganyaan-mission-to-take-indian-astronaut-to-space-by-2022-pm-modi/article24695817.ece",
"title": "Gaganyaan mission to take Indian astronaut to space by 2022: PM Modi - The Hindu",
"date_published": "2018-08-15T12:17:57+05:30",
"source_type": "news",
"source_name": "Hindu",
"image_link": [
"https://www.thehindu.com/news/national/d03a2j/article24695364.ece/ALTERNATES/FREE_1080/modijpg"
],
"article_body": "An Indian astronaut, be it a man or a woman, will go on a space odyssey by 2022 on board \u2018Gaganyaan\u2019, Prime Minister Narendra Modi said in his Independence Day address. He said when India celebrates 75th year of Independence in 2022, \u201cand if possible even before, an Indian son or daughter\u201d will undertake a manned space mission on board \u2018Gaganyaan\u2019 \u201ccarrying the national flag.\u201d Chandrayaan-1 was India\u2019s first lunar probe. It was launched by the Indian Space Research Organisation in October 2008 and operated until August 2009. Mangalyaan is another Indian space project. The Mars Orbiter Mission (MOM), also called Mangalyaan, is a space probe orbiting Mars since September 24, 2014.",
"description": "An Indian astronaut, be it a man or a woman, will go on a space odyssey by 2022 on board \u2018Gaganyaan\u2019, Prime Minister Narendra Modi said in his Independence Day address. He said when India celebrates 75th year of Independence in 2022, \u201cand if possible even before, an Indian son or daughter\u201d will undertake a manned space mission on board \u2018Gaganyaan\u2019 \u201ccarrying the national flag.\u201d Chandrayaan-1 was India\u2019s first lunar probe. It was launched by the Indian Space Research Organisation in October 2008 and operated until August 2009. Mangalyaan is another Indian space project. The Mars Orbiter Mission (MOM), also called Mangalyaan, is a space probe orbiting Mars since September 24, 2014.",
"time_scraped": "2018-08-17 04:53:51.314402",
"article_id": "24695817",
"article_category": "National",
"image_details": [
{
"url": "https://www.thehindu.com/news/national/d03a2j/article24695364.ece/ALTERNATES/FREE_1080/modijpg",
"path": "full/b827ed49a48fb5567b51dc4f5cd93860ac3e93c5.jpg",
"checksum": "cd43d64d3c235cefa95d2fe6fc70b532"
}
]
}