{
"source_article_link": "https://www.thehindu.com/news/national/bjp-postpones-its-national-executive-as-vajpayees-health-condition-remains-critical/article24705668.ece",
"title": "BJP postpones its national executive as Vajpayee\u2019s health condition remains critical - The Hindu",
"date_published": "2018-08-16T16:57:58+05:30",
"source_type": "news",
"source_name": "Hindu",
"image_link": [],
"article_body": "The BJP on Thursday postponed its two-day national executive, slated for August 18-19, in the wake of critical health condition of its veteran leader and former prime minister Atal Bihari Vajpayee. \u201cAs of now, the national executive has been postponed, and its dates will be finalised later,\u201d a party leader said. Mr. Vajpayee is battling for life and remains on advanced life support at the All India Institute of Medical Sciences for the second day on Thursday. As anxiety grew about the state of the 93-year-old leader\u2019s health, a stream of leaders, including Vice President M. Venkaiah Naidu, BJP chief Amit Shah and Union ministers Sushma Swaraj and Rajnath Singh, visited him in the hospital. The former prime minister was admitted to the hospital on June 11 with a kidney tract infection, urinary tract infection, low urine output and chest congestion.",
"description": "The BJP on Thursday postponed its two-day national executive, slated for August 18-19, in the wake of critical health condition of its veteran leader and former prime minister Atal Bihari Vajpayee. \u201cAs of now, the national executive has been postponed, and its dates will be finalised later,\u201d a party leader said. Mr. Vajpayee is battling for life and remains on advanced life support at the All India Institute of Medical Sciences for the second day on Thursday. As anxiety grew about the state of the 93-year-old leader\u2019s health, a stream of leaders, including Vice President M. Venkaiah Naidu, BJP chief Amit Shah and Union ministers Sushma Swaraj and Rajnath Singh, visited him in the hospital. The former prime minister was admitted to the hospital on June 11 with a kidney tract infection, urinary tract infection, low urine output and chest congestion.",
"time_scraped": "2018-08-17 04:53:50.362729",
"article_id": "24705668",
"article_category": "National",
"image_details": []
}