{
"source_article_link": "https://www.thehindu.com/news/national/pakistan-minister-syed-ali-zafars-message-would-have-left-vajpayee-happy/article24720134.ece",
"title": "Pakistan Minister Syed Ali Zafar\u2019s message would have left Vajpayee happy - The Hindu",
"date_published": "2018-08-18T00:30:48+05:30",
"source_type": "news",
"source_name": "Hindu",
"image_link": [
"https://www.thehindu.com/news/national/9vfqt3/article24720131.ece/ALTERNATES/FREE_1080/ALIZAFAR"
],
"article_body": "The decision to send a Pakistani delegation to attend former Prime Minister Atal Bihari Vajpayee\u2019s funeral was taken by \u201call stakeholders\u201d including Prime Minister-designate Imran Khan, said visiting acting Law and Information Minister Syed Ali Zafar. \u201cThis was an occasion where all felt that Pakistan must be present and share your grief,\u201d Mr. Zafar, who is part of the caretaker government demitting office, said in an interview to The Hindu . Positive move \u201cA very positive move and hopes of a thaw came during Mr. Imran Khan\u2019s speech after the election and then the call by the Indian Prime Minister Narendra Modi [to congratulate Mr. Khan] changed the mood positively.\u201d Mr. Zafar met External Affairs Minister Sushma Swaraj, one of the very few meetings she has had with Pakistani officials since her visit to Islamabad in December 2015, after which the Pathankot airbase attack derailed ties. The External Affairs Ministry spokesperson said the two leaders had remembered a \u201cvisionary (Vajpayee) who dreamed [of a] terror-free and prosperous subcontinent,\u201d a reference to India\u2019s demand that Pakistan end support to terror groups. Recites poem Speaking to journalists after the meeting, Mr. Zafar, who recited Mr. Vajpayee\u2019s poem from his visit to Lahore in 1999, \u201c Jung nahin hone denge (We won\u2019t allow a war)\u201d, also said that he hoped there would be other \u201cless sad\u201d meetings when \u201c[India-Pakistan] issues, including Jammu and Kashmir, will be resolved through dialogue.\u201d Asked if tensions between the two countries had been discussed in his meeting with Ms. Swaraj, Mr. Zafar replied, \u201cThis was not the occasion to discuss issues of a political nature.\u201d \u201cOur meeting was positive, and I sensed a feeling from both sides that there could be progress, and I hope that in the coming days we could see more such meetings and progress,\u201d Mr. Zafar, who flew back to Islamabad on Friday night, added.",
"description": "Visiting acting Law and Information Minister says there is a thaw in India-Pakistan relations.",
"time_scraped": "2018-08-18 06:03:06.971598",
"article_id": "24720134",
"article_category": "National",
"image_details": []
}