{
"source_article_link": "https://www.firstpost.com/india/no-midday-meal-for-students-but-all-is-well-in-the-official-inspection-reports-4976891.html",
"title": "No midday meal\u00a0for students, but all is well in the official\u00a0inspection reports",
"date_published": "2018-08-17T12:20:20+05:30",
"source_type": "news_article",
"source_name": "FirstPost",
"image_link": [],
"article_body": "In the sort of desi irony we\u2019ve come to appreciate, the case of the missing midday meals at the primary school in a village in the district of Lalitpur seemed just ripe, post the Prime Minister\u2019s Independence Day speech, which had several BJP Chief Ministers claiming midday meal victories across their respective states.",
"description": "In the sort of desi irony we\u2019ve come to appreciate, the case of the missing midday meals at the primary school in a village in the district of Lalitpur seemed just ripe, post the Prime Minister\u2019s Independence Day speech, which had several BJP Chief Ministers claiming midday meal victories across their respective states.",
"time_scraped": "2018-08-17 14:40:10.654502",
"article_id": "4976891",
"article_category": "India",
"image_details": []
}