{
"source_article_link": "https://www.firstpost.com/india/security-forces-foil-infiltration-bid-in-jammu-and-kashmirs-kupwara-gun-down-three-militants-along-loc-4993991.html",
"title": "Security forces foil infiltration bid in Jammu and Kashmir's Kupwara, gun down three militants along LoC",
"date_published": "2018-08-19T07:53:33+05:30",
"source_type": "news_article",
"source_name": "FirstPost",
"image_link": [],
"article_body": "Kupwara (Jammu and Kashmir): The security forces on Saturday foiled an infiltration bid and gunned down three terrorists along the Line of Control (LoC) in Tangdhar sector of north Kashmir's Kupwara district. Director General of Jammu and Kashmir Police (DGP) SP Vaid confirmed the killing of terrorists. Three terrorists killed by Army while infiltrating in Tangdhar sector of Kupwara today . \u2014 Shesh Paul Vaid (@spvaid) August 18, 2018 \"Three terrorists killed by Army while infiltrating in Tangdhar sector of Kupwara today,\" Vaid tweeted. More details are awaited. This comes few days after two Pakistani troops were killed by the Army in the Tangdhar sector after they violated the ceasefire along the LoC.",
"description": "Kupwara (Jammu and Kashmir): The security forces on Saturday foiled an infiltration bid and gunned down three terrorists along the Line of Control (LoC) in Tangdhar sector of north Kashmir's Kupwara district. Director General of Jammu and Kashmir Police (DGP) SP Vaid confirmed the killing of terrorists. Three terrorists killed by Army while infiltrating in Tangdhar sector of Kupwara today . \u2014 Shesh Paul Vaid (@spvaid)",
"time_scraped": "2018-08-20 03:51:49.139262",
"article_id": "4993991",
"article_category": "India",
"image_details": []
}