{
"source_article_link": "https://timesofindia.indiatimes.com/india/snowfall-halts-kedarnath-yatra/articleshow/64087317.cms?&utm_source=Articleshow&utm_medium=Organic&utm_campaign=Related_Stories",
"title": "Snowfall halts Kedarnath yatra",
"date_published": "2018-05-09T04:15:17+05:30",
"source_type": "news_article",
"source_name": "timesofindia.indiatimes.com",
"image_link": [
"https://timesofindia.indiatimes.com/thumb/msid-64087322,imgsize-128097,width-400,resizemode-4/64087322.jpg"
],
"article_body": "NEW DELHI: Rough weather struck north India on Tuesday, as forecast by the Met department, bringing dust storms and rain at many places in the plains and rare late-season snowfall in the higher reaches of thethat left at least 2,500 pilgrims stranded near theshrine.The Kedarnath yatra was halted on Tuesday morning following 3 inches of snowfall in the Kedar valley. Among those stuck along the 16km trek route to the Himalayan shrine were former Uttarakhand CM Harish Rawat and Kedarnath MLA Manoj Rawat. According to the district emergency operation centre, over 2,200 pilgrims were halted at Sonprayag, 200 at Lincholi, 350 atand 60 at Bhimbali.\"Due to bad weather in Kedarnath, most devotees have been asked to stay in Sonprayag and wait for the pilgrimage to resume. They are being accommodated in hotels and guesthouses,\" he said.andindistrict received up to six inches of snowfall on Tuesday, with temple priests at both shrines claiming that this was the first time in eight years that snowfall had occurred at this time of the year. But unlike Kedarnath, snowfall did not disrupt the yatra in Gangotri and Yamnotri.State Met department director Bikram Singh said snowfall in May was unusual and a \"rare phenomenon\".In Himachal Pradesh, snow, hailstorms and rain lashed many parts, with reports of damage to crops, blocked roads and landslides in some areas. Devastating hailstorms in Shimla district damaged apple crop and a thick white sheet of hailstones was seen across the city.At -0.3\u00b0C, Keylong in Lahaul-Spiti district, was the coldest inhabited place in the state. The Met department in Delhi said thunderstorms were observed at isolated places over Jammu & Kashmir, Himachal Pradesh, Uttarakhand, Rajasthan, Haryana, Chandigarh and Delhi, among other places in the rest of the country.",
"description": "NEW DELHI: Rough weather struck north India on Tuesday, as forecast by the Met department, bringing dust storms and rain at many places in the plains and rare late-season snowfall in the higher reaches of thethat left at least 2,500 pilgrims stranded near theshrine.The Kedarnath yatra was halted on Tuesday morning following 3 inches of snowfall in the Kedar valley. Among those stuck along the 16km trek route to the Himalayan shrine were former Uttarakhand CM Harish Rawat and Kedarnath MLA Manoj Rawat. According to the district emergency operation centre, over 2,200 pilgrims were halted at Sonprayag, 200 at Lincholi, 350 atand 60 at Bhimbali.",
"time_scraped": "2018-08-16 01:34:16.374186",
"article_id": "64087317",
"article_category": "IndiaNews",
"image_details": [
{
"url": "https://timesofindia.indiatimes.com/thumb/msid-64087322,imgsize-128097,width-400,resizemode-4/64087322.jpg",
"path": "full/76a15e2f89a99e926ac0db729187c2b1309c66d1.jpg",
"checksum": "f215a73d589750dce3c9b14c50e111d7"
}
]
}