{
"source_article_link": "https://timesofindia.indiatimes.com/india/jinnah-portrait-row-aligarh-muslim-university-vc-meets-rajnath-singh/articleshow/64103562.cms?&utm_source=Articleshow&utm_medium=Organic&utm_campaign=Related_Stories",
"title": "Jinnah portrait row: Aligarh Muslim University VC meets Rajnath Singh",
"date_published": "2018-05-10T10:14:18+05:30",
"source_type": "news_article",
"source_name": "timesofindia.indiatimes.com",
"image_link": [
"https://timesofindia.indiatimes.com/thumb/msid-64103570,imgsize-262560,width-400,resizemode-4/64103570.jpg"
],
"article_body": "NEW DELHI:vice-chancellor Tariq Mansoor met home minister Rajnath Singh on Wednesday and discussed issues concerning the academic institution, engulfed in controversy over a portrait ofon its premises.Singh assured Mansoor of all help from the Centre in restoring normalcy in the university, an official said. Mansoor later said the meeting had nothing to do with the current controversy. \"I have requested the home minister to send central government officials for recruitment of students in central services,\" he said.The VC said Jinnah\u2019s portrait had been hanging in the AMU students\u2019 union office since 1938 and it was a non-issue. BJP MP Satish Gautam had written to Mansoor objecting to the portrait, triggering a row that led to two men being arrested in connection with violence and exams being postponed to May 12.",
"description": "NEW DELHI:vice-chancellor Tariq Mansoor met home minister Rajnath Singh on Wednesday and discussed issues concerning the academic institution, engulfed in controversy over a portrait ofon its premises.Singh assured Mansoor of all help from the Centre in restoring normalcy in the university, an official said. Mansoor later said the meeting had nothing to do with the current controversy. \"I have requested the home minister to send central government officials for recruitment of students in central services,\" he said.The VC said Jinnah\u2019s portrait had been hanging in the AMU students\u2019 union office since 1938 and it was a non-issue. BJP MP Satish Gautam had written to Mansoor objecting to the portrait, triggering a row that led to two men being arrested in connection with violence and exams being postponed to May 12.",
"time_scraped": "2018-08-16 06:02:41.752191",
"article_id": "64103562",
"article_category": "IndiaNews",
"image_details": [
{
"url": "https://timesofindia.indiatimes.com/thumb/msid-64103570,imgsize-262560,width-400,resizemode-4/64103570.jpg",
"path": "full/f240675433caf58d072863552d1e5cf8af1ebf51.jpg",
"checksum": "551f7cd1eabc0a3eb707ce2c57774dd3"
}
]
}