{
"source_article_link": "https://timesofindia.indiatimes.com/india/congress-should-have-allied-with-jds-mamata-banerjee/articleshow/64172658.cms?&utm_source=Articleshow&utm_medium=Organic&utm_campaign=Related_Stories",
"title": "Congress should have allied with JDS: Mamata Banerjee",
"date_published": "2018-05-15T13:18:27+05:30",
"source_type": "news_article",
"source_name": "timesofindia.indiatimes.com",
"image_link": [
"https://timesofindia.indiatimes.com/thumb/msid-64172656,imgsize-195092,width-400,resizemode-4/64172656.jpg"
],
"article_body": "NEW DELHI: West Bengal Chief Minister on Tuesday said the would have done much better in the election if it had allied with the (JDS). Banerjee did not name the but congratulated the \"winners\". \"Congratulations to the winners of the elections. For those who lost, fight back. If Congress had gone into an alliance with the JDS, the result would have been different. Very different,\" she tweeted. ",
"description": "NEW DELHI: West Bengal Chief Minister on Tuesday said the would have done much better in the election if it had allied with the (JDS).",
"time_scraped": "2018-08-17 21:00:27.136958",
"article_id": "64172658",
"article_category": "IndiaNews",
"image_details": [
{
"url": "https://timesofindia.indiatimes.com/thumb/msid-64172656,imgsize-195092,width-400,resizemode-4/64172656.jpg",
"path": "full/a47dd3fe18150c1d37d1ffe98400666929288372.jpg",
"checksum": "48c84c3d6d245b80243e3ae8942a3e64"
}
]
}