{
"source_article_link": "https://timesofindia.indiatimes.com/india/highlights-of-supreme-court-karnataka-order/articleshow/64199311.cms?&utm_source=Articleshow&utm_medium=Organic&utm_campaign=Related_Stories",
"title": "Highlights of Supreme Court Karnataka order",
"date_published": "2018-05-17T08:34:30+05:30",
"source_type": "news_article",
"source_name": "timesofindia.indiatimes.com",
"image_link": [
"https://timesofindia.indiatimes.com/thumb/msid-64199309,imgsize-69172,width-400,resizemode-4/64199309.jpg"
],
"article_body": "NEW DELHI: The today refused to stay BJP leader B S 's swearing-in as Karnataka Chief Minister after a rare pre-dawn hearing which saw the Congress-JD (S) combine making a last-ditch attempt to stall the saffron party's surge in the southern state. Following are the highlights of the Supreme Court order refusing to stay the swearing-in of BJP leader BS Yeddyurappa in Karnataka: * A bench of Justices A K Sikri, S A Bobde and Ashok Bhushan was specially convened at \"odd hours\" to hear the petition which challenges the Governor Vajubhai Vala's communication to Yeddyurappa to be sworn in as CM. * The bench noted that it is necessary to peruse the letters dated May 15 and May 16 submitted by Yeddyurappa to Governor for claiming stake for government formation. * It requested Attorney General K K Venugopal, appearing for the Centre and Yeddyurappa to produce these letters on next hearing tomorrow at 10.30 am. * The court made it clear that its order allowing swearing-in and government formation by the BJP in Karnataka is subject to the outcome of the case before it. * It also issued notices to the Karnataka government and Yeddyurappa as it was clarified by senior advocate that he was appearing for three BJP MLAs -- Govind M Karjol, C M Udasi and Basavaraj Bommai.",
"description": "NEW DELHI: The today refused to stay BJP leader B S 's swearing-in as Karnataka Chief Minister after a rare pre-dawn hearing which saw the Congress-JD (S) combine making a last-ditch attempt to stall the saffron party's surge in the southern state. Following are the highlights of the Supreme Court order refusing to stay the swearing-in of BJP leader BS Yeddyurappa in Karnataka: * A bench of Justices A K Sikri, S A Bobde and Ashok Bhushan was specially convened at \"odd hours\" to hear the petition which challenges the Governor Vajubhai Vala's communication to Yeddyurappa to be sworn in as CM.",
"time_scraped": "2018-08-20 21:00:11.104103",
"article_id": "64199311",
"article_category": "IndiaNews",
"image_details": [
{
"url": "https://timesofindia.indiatimes.com/thumb/msid-64199309,imgsize-69172,width-400,resizemode-4/64199309.jpg",
"path": "full/9f6cb5e5a462c8594c0b06d52513bbe07bc7febd.jpg",
"checksum": "c59d5fee67080adc97c99bb00f916397"
}
]
}