{
"source_article_link": "https://timesofindia.indiatimes.com/india/pune-man-instructed-suspect-to-tail-gauri-lankesh-sit/articleshow/64421774.cms?&utm_source=Articleshow&utm_medium=Organic&utm_campaign=Related_Stories",
"title": "Pune man instructed suspect to tail Gauri Lankesh: SIT",
"date_published": "2018-06-02T02:48:25+05:30",
"source_type": "news_article",
"source_name": "timesofindia.indiatimes.com",
"image_link": [],
"article_body": "BENGALURU: A 37-year-old Pune man and his accomplice instructed a 29-year-old Vijayapura youth to tail and get details about her movements three months before the journalist-activist was gunned down in front of her house in Bengaluru, according to a remand application filed in a city court. Amol Kale from Pune and Manohar Dundappa Yadave from Vijayapura are currently in the custody of the probing the murder. Kale and his accomplice Dada alias Nihal met Manohar in a hotel in in June 2017 and issued the instruction because she was, in their view, denigrating Hindu culture, according to the remand application, a copy of which is with TOI. Dada is absconding. The SIT submitted the 650-page remand application to the court on Thursday. The SIT said it recovered a piece of paper from Kale which had names of eight individuals, including Lankesh. \u201cThere is a paper piece recovered from Kale. In his own handwriting, Kale has written down the eight names. The second name was Gauri\u2019s. Kale has not provided a satisfactory answer as to why he had written down the names, especially that of Gauri,\u201d read the remand application.",
"description": "BENGALURU: A 37-year-old Pune man and his accomplice instructed a 29-year-old Vijayapura youth to tail and get details about her movements three months before the journalist-activist was gunned down in front of her house in Bengaluru, according to a remand application filed in a city court. Amol Kale from Pune and Manohar Dundappa Yadave from Vijayapura are currently in the custody of the probing the murder. Kale and his accomplice Dada alias Nihal met Manohar in a hotel in in June 2017 and issued the instruction because she was, in their view, denigrating Hindu culture, according to the remand application, a copy of which is with TOI. Dada is absconding. The SIT submitted the 650-page remand application to the court on Thursday.",
"time_scraped": "2018-08-17 06:00:20.726414",
"article_id": "64421774",
"article_category": "IndiaNews",
"image_details": []
}