{
"source_article_link": "https://timesofindia.indiatimes.com/india/indrani-mukerjea-hospitalised-following-chest-pain/articleshow/64423015.cms?&utm_source=Articleshow&utm_medium=Organic&utm_campaign=Related_Stories",
"title": "Indrani Mukerjea hospitalised following chest pain",
"date_published": "2018-06-02T07:20:51+05:30",
"source_type": "news_article",
"source_name": "timesofindia.indiatimes.com",
"image_link": [
"https://timesofindia.indiatimes.com/thumb/msid-64423028,imgsize-842330,width-400,resizemode-4/64423028.jpg"
],
"article_body": "MUMBAI: , former head of and the prime accused in , was on Friday admitted to Mumbai's JJ Hospital. Mukerjea reportedly complained of chest pain, following which she was rushed to the state-run-hospital. Mukerjea is currently facing trial for allegedly killing her daughter Sheena Bora. Earlier in April, she was hospitalised following an alleged drug overdose. The Mumbai Police arrested Indrani, her former husband and Rai for allegedly killing Sheena. Later, Indrani's husband and media baron Peter Mukerjea was also arrested for allegedly being part of the conspiracy. The CBI, which took over the case in November 2015, claimed that a financial dispute was the reason for Bora's killing.",
"description": "MUMBAI: , former head of and the prime accused in , was on Friday admitted to Mumbai's JJ Hospital. Mukerjea reportedly complained of chest pain, following which she was rushed to the state-run-hospital.",
"time_scraped": "2018-08-21 09:00:23.562149",
"article_id": "64423015",
"article_category": "IndiaNews",
"image_details": [
{
"url": "https://timesofindia.indiatimes.com/thumb/msid-64423028,imgsize-842330,width-400,resizemode-4/64423028.jpg",
"path": "full/88399ba90b1682027002729b0ec6917afc84edf0.jpg",
"checksum": "ddababa5d554c8d1c24313e07330ea5e"
}
]
}