{
"source_article_link": "https://timesofindia.indiatimes.com/india/devendra-fadnavis-gets-threat-letters-over-anti-maoist-operations/articleshow/64510987.cms?&utm_source=Articleshow&utm_medium=Organic&utm_campaign=Related_Stories",
"title": "Devendra Fadnavis gets threat letters over anti-Maoist operations",
"date_published": "2018-06-08T19:09:04+05:30",
"source_type": "news_article",
"source_name": "timesofindia.indiatimes.com",
"image_link": [],
"article_body": "MUMBAI: Maharashtra chief minister Devendra has received two allegedly from Maoist organisations which were handed over to the police, sources in the state home department said on Friday. The letters were received by the chief minister's office a week ago, they said. \"The letters came after the recent in . The letters have been handed over to the police for further investigations,\" the sources said. According to the ministry sources, both letters mentioned the encounters, and threatened Fadnavis and his family members.",
"description": "MUMBAI: Maharashtra chief minister Devendra has received two allegedly from Maoist organisations which were handed over to the police, sources in the state home department said on Friday. The letters were received by the chief minister's office a week ago, they said. \"The letters came after the recent",
"time_scraped": "2018-08-21 06:00:13.890062",
"article_id": "64510987",
"article_category": "IndiaNews",
"image_details": []
}