{
"source_article_link": "https://timesofindia.indiatimes.com/india/pm-narendra-modi-calls-on-president-ram-nath-kovind/articleshow/64548099.cms?&utm_source=Articleshow&utm_medium=Organic&utm_campaign=Related_Stories",
"title": "PM Narendra Modi calls on President Ram Nath Kovind",
"date_published": "2018-06-11T23:32:32+05:30",
"source_type": "news_article",
"source_name": "timesofindia.indiatimes.com",
"image_link": [
"https://timesofindia.indiatimes.com/thumb/msid-64548092,imgsize-433399,width-400,resizemode-4/64548092.jpg"
],
"article_body": "NEW DELHI: Prime Minister today called on President . Though there was no official word about the meeting, but it is believed that Modi briefed the President about his visit to China to attend the . A photograph of the meeting between the two was issued by the government. Modi had attended the the annual summit of (SCO), which was organised at in China this year.",
"description": "NEW DELHI: Prime Minister today called on President . Though there was no official word about the meeting, but it is believed that Modi briefed the President about his visit to China to attend the .",
"time_scraped": "2018-08-22 15:01:47.965987",
"article_id": "64548099",
"article_category": "IndiaNews",
"image_details": [
{
"url": "https://timesofindia.indiatimes.com/thumb/msid-64548092,imgsize-433399,width-400,resizemode-4/64548092.jpg",
"path": "full/c8e688bb794e7abf3ebe49167ea449f1749ced61.jpg",
"checksum": "4383bb01de0fc8c7916efe7ae8b70454"
}
],
"ibm_nlu": {
"usage": {
"text_units": 1,
"text_characters": 365,
"features": 7
},
"sentiment": {
"document": {
"score": 0.0,
"label": "neutral"
}
},
"semantic_roles": [
{
"subject": {
"text": "Prime Minister"
},
"sentence": "NEW DELHI: Prime Minister today called on President .",
"object": {
"text": "on President"
},
"action": {
"verb": {
"text": "call",
"tense": "past"
},
"text": "called",
"normalized": "call"
}
},
{
"subject": {
"text": "by the government"
},
"sentence": " A photograph of the meeting between the two was issued by the government.",
"object": {
"text": "A photograph of the meeting between the two"
},
"action": {
"verb": {
"text": "issue",
"tense": "past"
},
"text": "was issued",
"normalized": "be issue"
}
},
{
"subject": {
"text": "Modi"
},
"sentence": " Modi had attended the the annual summit of (SCO), which was organised at in China this year.",
"object": {
"text": "the the annual summit of (SCO), which was organised at in China this year"
},
"action": {
"verb": {
"text": "attend",
"tense": "past"
},
"text": "had attended",
"normalized": "have attend"
}
},
{
"subject": {
"text": "SCO"
},
"sentence": " Modi had attended the the annual summit of (SCO), which was organised at in China this year.",
"action": {
"verb": {
"text": "organise",
"tense": "past"
},
"text": "was organised",
"normalized": "be organise"
}
}
],
"relations": [
{
"type": "timeOf",
"sentence": "NEW DELHI: Prime Minister today called on President .",
"score": 0.898341,
"arguments": [
{
"text": "today",
"location": [
26,
31
],
"entities": [
{
"type": "Date",
"text": "today"
}
]
},
{
"text": "called on",
"location": [
32,
41
],
"entities": [
{
"type": "EventCommunication",
"text": "called on"
}
]
}
]
},
{
"type": "affectedBy",
"sentence": "NEW DELHI: Prime Minister today called on President .",
"score": 0.508994,
"arguments": [
{
"text": "President",
"location": [
42,
51
],
"entities": [
{
"type": "Person",
"text": "President"
}
]
},
{
"text": "called on",
"location": [
32,
41
],
"entities": [
{
"type": "EventCommunication",
"text": "called on"
}
]
}
]
},
{
"type": "participantIn",
"sentence": "Though there was no official word about the meeting, but it is believed that Modi briefed the President about his visit to China to attend the .",
"score": 0.932642,
"arguments": [
{
"text": "Modi",
"location": [
131,
135
],
"entities": [
{
"type": "Person",
"text": "Modi"
}
]
},
{
"text": "briefed",
"location": [
136,
143
],
"entities": [
{
"type": "EventMeeting",
"text": "meeting"
}
]
}
]
},
{
"type": "participantIn",
"sentence": "Modi had attended the the annual summit of (SCO), which was organised at in China this year.",
"score": 0.605381,
"arguments": [
{
"text": "Modi",
"location": [
273,
277
],
"entities": [
{
"type": "Person",
"text": "Modi"
}
]
},
{
"text": "summit",
"location": [
306,
312
],
"entities": [
{
"type": "EventMeeting",
"text": "meeting"
}
]
}
]
},
{
"type": "participantIn",
"sentence": "Though there was no official word about the meeting, but it is believed that Modi briefed the President about his visit to China to attend the .",
"score": 0.810913,
"arguments": [
{
"text": "President",
"location": [
148,
157
],
"entities": [
{
"type": "Person",
"text": "President"
}
]
},
{
"text": "briefed",
"location": [
136,
143
],
"entities": [
{
"type": "EventMeeting",
"text": "meeting"
}
]
}
]
},
{
"type": "timeOf",
"sentence": "Modi had attended the the annual summit of (SCO), which was organised at in China this year.",
"score": 0.587832,
"arguments": [
{
"text": "this year",
"location": [
355,
364
],
"entities": [
{
"type": "Date",
"text": "this year"
}
]
},
{
"text": "summit",
"location": [
306,
312
],
"entities": [
{
"type": "EventMeeting",
"text": "meeting"
}
]
}
]
}
],
"language": "en",
"keywords": [
{
"text": "Prime Minister",
"sentiment": {
"score": 0.0,
"label": "neutral"
},
"relevance": 0.906147,
"emotion": {
"sadness": 0.315746,
"joy": 0.255861,
"fear": 0.061504,
"disgust": 0.134949,
"anger": 0.049735
}
},
{
"text": "NEW DELHI",
"sentiment": {
"score": 0.375946,
"label": "positive"
},
"relevance": 0.873396,
"emotion": {
"sadness": 0.115132,
"joy": 0.596039,
"fear": 0.084006,
"disgust": 0.034674,
"anger": 0.046922
}
},
{
"text": "annual summit",
"sentiment": {
"score": 0.0,
"label": "neutral"
},
"relevance": 0.776578,
"emotion": {
"sadness": 0.294998,
"joy": 0.085996,
"fear": 0.038454,
"disgust": 0.108149,
"anger": 0.066684
}
},
{
"text": "official word",
"sentiment": {
"score": -0.410865,
"label": "negative"
},
"relevance": 0.761979,
"emotion": {
"sadness": 0.378534,
"joy": 0.327439,
"fear": 0.127382,
"disgust": 0.003142,
"anger": 0.07424
}
},
{
"text": "Modi",
"sentiment": {
"score": 0.0,
"label": "neutral"
},
"relevance": 0.721932,
"emotion": {
"sadness": 0.220203,
"joy": 0.181651,
"fear": 0.017167,
"disgust": 0.161683,
"anger": 0.082117
}
}
],
"entities": [
{
"type": "Person",
"text": "Modi",
"sentiment": {
"score": 0.0,
"label": "neutral"
},
"relevance": 0.928774,
"emotion": {
"sadness": 0.220203,
"joy": 0.181651,
"fear": 0.017167,
"disgust": 0.161683,
"anger": 0.082117
},
"count": 2
},
{
"type": "JobTitle",
"text": "President",
"sentiment": {
"score": 0.0,
"label": "neutral"
},
"relevance": 0.62227,
"emotion": {
"sadness": 0.265971,
"joy": 0.282313,
"fear": 0.02191,
"disgust": 0.176707,
"anger": 0.055879
},
"count": 2
},
{
"type": "Location",
"text": "China",
"sentiment": {
"score": 0.0,
"label": "neutral"
},
"relevance": 0.516955,
"emotion": {
"sadness": 0.221506,
"joy": 0.306846,
"fear": 0.019619,
"disgust": 0.158262,
"anger": 0.076793
},
"disambiguation": {
"subtype": [
"Country"
]
},
"count": 2
},
{
"type": "JobTitle",
"text": "Prime Minister",
"sentiment": {
"score": 0.0,
"label": "neutral"
},
"relevance": 0.482188,
"emotion": {
"sadness": 0.315746,
"joy": 0.255861,
"fear": 0.061504,
"disgust": 0.134949,
"anger": 0.049735
},
"count": 1
},
{
"type": "Location",
"text": "DELHI",
"sentiment": {
"score": 0.375946,
"label": "positive"
},
"relevance": 0.379149,
"emotion": {
"sadness": 0.115132,
"joy": 0.596039,
"fear": 0.084006,
"disgust": 0.034674,
"anger": 0.046922
},
"disambiguation": {
"subtype": [
"Country"
]
},
"count": 1
}
],
"concepts": [
{
"text": "President",
"relevance": 0.929503,
"dbpedia_resource": "http://dbpedia.org/resource/President"
},
{
"text": "Government",
"relevance": 0.81585,
"dbpedia_resource": "http://dbpedia.org/resource/Government"
},
{
"text": "Prime minister",
"relevance": 0.748678,
"dbpedia_resource": "http://dbpedia.org/resource/Prime_minister"
},
{
"text": "Constitutional monarchy",
"relevance": 0.736041,
"dbpedia_resource": "http://dbpedia.org/resource/Constitutional_monarchy"
},
{
"text": "Organization",
"relevance": 0.721716,
"dbpedia_resource": "http://dbpedia.org/resource/Organization"
}
],
"categories": [
{
"score": 0.465173,
"label": "/law, govt and politics/legal issues/human rights"
},
{
"score": 0.463064,
"label": "/law, govt and politics/government"
},
{
"score": 0.408496,
"label": "/law, govt and politics/government/parliament"
}
]
}
}