{
"source_article_link": "https://timesofindia.indiatimes.com/india/apple-snubs-cbi-wont-unlock-narada-ceos-iphone/articleshow/64594752.cms?&utm_source=Articleshow&utm_medium=Organic&utm_campaign=Related_Stories",
"title": "Apple snubs CBI, won\u2019t unlock Narada CEO\u2019s iPhone",
"date_published": "2018-06-15T06:06:19+05:30",
"source_type": "news_article",
"source_name": "timesofindia.indiatimes.com",
"image_link": [],
"article_body": "KOLKATA: The CBI\u2019s probe into the , which purportedly showed members accepting money in return for favours, has hit another roadblock with tech giant Apple refusing to share the phone password of CEO Mathew Samuel with the investigating agency. Senior CBI officers in Delhi said the Cupertino-based firm got in touch with the agency via the ministry of external affairs and informed that it was against its policy to share personal details of clients and this principle could not be violated. Apple, however, confirmed that the sting operation was indeed shot on the mobile phone submitted by Samuel. Apple\u2019s refusal would mean the CBI would not be able to match the 28-minute original footage apparently stored in the phone with the one submitted by Samuel. TMC members had challenged the authenticity of the tapes in Calcutta HC saying that its originality could not be ascertained in absence of the original device.",
"description": "KOLKATA: The CBI\u2019s probe into the , which purportedly showed members accepting money in return for favours, has hit another roadblock with tech giant Apple refusing to share the phone password of CEO Mathew Samuel with the investigating agency. Senior CBI officers in Delhi said the Cupertino-based firm",
"time_scraped": "2018-08-16 09:00:22.057183",
"article_id": "64594752",
"article_category": "IndiaNews",
"image_details": []
}