{
"source_article_link": "https://timesofindia.indiatimes.com/india/european-union-film-fest-to-travel-to-11-indian-cities/articleshow/64641027.cms?&utm_source=Articleshow&utm_medium=Organic&utm_campaign=Related_Stories",
"title": "European Union film fest to travel to 11 Indian cities",
"date_published": "2018-06-19T03:00:08+05:30",
"source_type": "news_article",
"source_name": "timesofindia.indiatimes.com",
"image_link": [
"https://timesofindia.indiatimes.com/thumb/msid-64641026,imgsize-534419,width-400,resizemode-4/64641026.jpg"
],
"article_body": "NEW DELHI: Films break barriers of language and cultures, Information & Broadcasting minister Rajyavardhan Rathore said on Monday. Inaugurating thein New Delhi, Rathore said films not only served as a medium to tell stories, but also allowed people to meet and cultures to converse.He also said languages may differ, but human emotions cut across cultures and united the world.TheFilm Festival 2018 will showcase a handpicked selection of the finest and most-riveting films from Europe. Twenty-four films from 23 EU states will bring a cross section of unusual stories told through. The festival will travel to 11 cities, including Delhi. All films will be screened with English subtitles and entry is free.",
"description": "The European Union Film Festival 2018 will showcase a handpicked selection of the finest and most-riveting films from Europe24 films from 23 EU states will bring a cross section of unusual stories told through cinemaThe festival will travel to 11 cities, including Delhi",
"time_scraped": "2018-08-16 01:35:14.244809",
"article_id": "64641027",
"article_category": "IndiaNews",
"image_details": [
{
"url": "https://timesofindia.indiatimes.com/thumb/msid-64641026,imgsize-534419,width-400,resizemode-4/64641026.jpg",
"path": "full/06df54a0040d0902dcd6c029e4a74eeb8b08b88b.jpg",
"checksum": "43b7c438712d3c8608bdd979f51294ab"
}
]
}