{
"source_article_link": "https://timesofindia.indiatimes.com/india/supreme-court-adds-800-seats-in-8-medical-colleges-to-admission-pool/articleshow/64640944.cms?&utm_source=Articleshow&utm_medium=Organic&utm_campaign=Related_Stories",
"title": "Supreme Court adds 800 seats in 8 medical colleges to admission pool",
"date_published": "2018-06-19T02:21:11+05:30",
"source_type": "news_article",
"source_name": "timesofindia.indiatimes.com",
"image_link": [
"https://timesofindia.indiatimes.com/thumb/msid-64640945,imgsize-217172,width-400,resizemode-4/64640945.jpg"
],
"article_body": "A Supreme Court vacation bench of Justices S Abdul Nazeer and on Monday gave permission to add over 800 seats in courses offered by eight government in three states to this year's admissions after chief secretaries of the three states undertook to remove deficiencies pointed out by (MCI) in these colleges in three months. Uttar Pradesh, Bihar and Jharkhand had moved the SC challenging refusal of permission to these eight government medical colleges to admit students for the 2018-19 academic year allegedly on the ground that repeated reminders for rectifying deficiencies in infrastructure and faculty strength had fallen on deaf ears.",
"description": "A Supreme Court vacation bench of Justices S Abdul Nazeer and on Monday gave permission to add over 800 seats in courses offered by eight government in three states to this year's admissions after chief secretaries of the three states undertook to remove deficiencies pointed out by (MCI) in these colleges in three months. Uttar Pradesh, Bihar and Jharkhand had moved the SC challenging refusal of permission to these eight government medical colleges to admit students for the 2018-19 academic year allegedly on the ground that repeated reminders for rectifying deficiencies in infrastructure and faculty strength had fallen on deaf ears.",
"time_scraped": "2018-08-17 03:01:19.754850",
"article_id": "64640944",
"article_category": "IndiaNews",
"image_details": [
{
"url": "https://timesofindia.indiatimes.com/thumb/msid-64640945,imgsize-217172,width-400,resizemode-4/64640945.jpg",
"path": "full/e8200e8e09f2b94176d69f6a5a3e268e79edd485.jpg",
"checksum": "fdffb73581fe674e84c4ab01d0a454f3"
}
]
}