{
"source_article_link": "https://timesofindia.indiatimes.com/india/rajdhani-express-halted-after-bomb-scare/articleshow/64898511.cms?&utm_source=Articleshow&utm_medium=Organic&utm_campaign=Related_Stories",
"title": "Rajdhani Express halted after bomb scare",
"date_published": "2018-07-07T19:46:38+05:30",
"source_type": "news_article",
"source_name": "timesofindia.indiatimes.com",
"image_link": [
"https://timesofindia.indiatimes.com/thumb/msid-64898506,imgsize-431088,width-400,resizemode-4/64898506.jpg"
],
"article_body": "NEW DELHI: A Howrah-boundwas briefly halted at Ghaziabad in Uttar Pradesh after officials received a call warning of bomb on board the.The train was stopped shortly after leaving the New Delhi railway station and all the passengers were made to deboard, according to news agency ANI.Bomb squad was rushed to the spot, but did not find anything on board.",
"description": "NEW DELHI: A Howrah-boundwas briefly halted at Ghaziabad in Uttar Pradesh after officials received a call warning of bomb on board the.The train was stopped shortly after leaving the New Delhi railway station and all the passengers were made to deboard, according to news agency ANI.",
"time_scraped": "2018-08-16 01:34:39.884016",
"article_id": "64898511",
"article_category": "IndiaNews",
"image_details": [
{
"url": "https://timesofindia.indiatimes.com/thumb/msid-64898506,imgsize-431088,width-400,resizemode-4/64898506.jpg",
"path": "full/1d446c80d45b832c50e43b7307a47560d145d598.jpg",
"checksum": "8354eca008895d52adf0daa66c1ad522"
}
]
}