{
"source_article_link": "https://timesofindia.indiatimes.com/india/bsf-apprehends-three-pak-fishermen-in-kutch/articleshow/64909088.cms?&utm_source=Articleshow&utm_medium=Organic&utm_campaign=Related_Stories",
"title": "BSF apprehends three Pak fishermen in Kutch",
"date_published": "2018-07-08T21:58:04+05:30",
"source_type": "news_article",
"source_name": "timesofindia.indiatimes.com",
"image_link": [],
"article_body": "KUTCH: Three Pakistani fishermen were nabbed on Sunday by the (BSF) officials along with their fishing boat from the Harami Nalla creek area in 's . The fishermen, identified as Sher Ali, Saddam Hussain and Ali Mohammad, had ventured into the Indian waters in the on their boat, BSF officials said, adding that the trio were apprehended along with a fishing boat this afternoon. The boat with fishing equipment has been seized while the fishermen have been handed over to the local police. They are now in the custody of Dayapar police station officials in the district, the officials added. It is known that a Pakistani fisherman was apprehended with a fishing boat from near the same area in the sea off the Gujarat coast a fortnight ago.",
"description": "KUTCH: Three Pakistani fishermen were nabbed on Sunday by the (BSF) officials along with their fishing boat from the Harami Nalla creek area in 's . The fishermen, identified as Sher Ali, Saddam Hussain and Ali Mohammad, had ventured into the Indian waters in the",
"time_scraped": "2018-08-19 06:00:35.884139",
"article_id": "64909088",
"article_category": "IndiaNews",
"image_details": []
}