{
"source_article_link": "https://timesofindia.indiatimes.com/india/lack-of-womens-safety-a-social-issue-ravi-shankar-prasad/articleshow/64939081.cms?&utm_source=Articleshow&utm_medium=Organic&utm_campaign=Related_Stories",
"title": "Lack of women\u2019s safety a social issue: Ravi Shankar Prasad",
"date_published": "2018-07-11T03:04:53+05:30",
"source_type": "news_article",
"source_name": "timesofindia.indiatimes.com",
"image_link": [
"https://timesofindia.indiatimes.com/thumb/msid-64939080,imgsize-41667,width-400,resizemode-4/64939080.jpg"
],
"article_body": "NEW DELHI: IT and Law Ministeron Monday said that issues related to women\u2019s safety are a \u201csocial problem\u201d, and said steps are being taken by the government.Addressing an Indian Professionals Forum summit at Asia House in London, Prasad strongly refuted a recent survey by the Thomson Reuters Foundation that ranked India as the world\u2019s most dangerous country for women, followed by Afghanistan and Syria.He noted the report had spoken to just 200-300 women in India out of a population of an estimated 1.3 billion.\u201cLet us not single out any country. Any problem of women\u2019s safety is unfortunate. It is a social problem...we have to work together to address these issues,\u201d he said. \u201cWe have taken steps and in the case of rape, we changed the law to bring in capital punishment (in cases involving minors).\u201d",
"description": "NEW DELHI: IT and Law Ministeron Monday said that issues related to women\u2019s safety are a \u201csocial problem\u201d, and said steps are being taken by the government.Addressing an Indian Professionals Forum summit at Asia House in London, Prasad strongly refuted a recent survey by the Thomson Reuters Foundation that ranked India as the world\u2019s most dangerous country for women, followed by Afghanistan and Syria.He noted the report had spoken to just 200-300 women in India out of a population of an estimated 1.3 billion.\u201cLet us not single out any country. Any problem of women\u2019s safety is unfortunate. It is a social problem...we have to work together to address these issues,\u201d he said. \u201cWe have taken steps and in the case of rape, we changed the law to bring in capital punishment (in cases involving minors).\u201d",
"time_scraped": "2018-08-16 05:27:14.096017",
"article_id": "64939081",
"article_category": "IndiaNews",
"image_details": [
{
"url": "https://timesofindia.indiatimes.com/thumb/msid-64939080,imgsize-41667,width-400,resizemode-4/64939080.jpg",
"path": "full/db3b6b146b6c8f44751e3b4c3d4b2f97a62cc7ef.jpg",
"checksum": "2a7d43e2632efb608cfb8a49aff73186"
}
]
}