{
"source_article_link": "https://timesofindia.indiatimes.com/india/pm-modi-to-inaugurate-new-asi-building/articleshow/64954053.cms?&utm_source=Articleshow&utm_medium=Organic&utm_campaign=Related_Stories",
"title": "PM Modi to inaugurate new ASI building",
"date_published": "2018-07-12T03:23:58+05:30",
"source_type": "news_article",
"source_name": "timesofindia.indiatimes.com",
"image_link": [
"https://timesofindia.indiatimes.com/thumb/msid-64954052,imgsize-59533,width-400,resizemode-4/64954052.jpg"
],
"article_body": "NEW DELHI: PMwill inaugurate the new building of the Archaeological Survey of India on Thursday and take a walk inside ASI\u2019s treasure trove\u2014 the newly-fitted.A repository of rare archaeological, cultural and religious records, sources saidwill be taken on a tour of the library. Among the prized collections housed within the library are Kautilya\u2019s Arthasharta, and original and rare books on inscriptions like Kharosti and Brahmi. Government sources said the library contains about 1.5 lakh books and about 5,000 preserved and 10,000 unpreserved original manuscripts.",
"description": "NEW DELHI: PMwill inaugurate the new building of the Archaeological Survey of India on Thursday and take a walk inside ASI\u2019s treasure trove\u2014 the newly-fitted.A repository of rare archaeological, cultural and religious records, sources saidwill be taken on a tour of the library. Among the prized collections housed within the library are Kautilya\u2019s Arthasharta, and original and rare books on inscriptions like Kharosti and Brahmi. Government sources said the library contains about 1.5 lakh books and about 5,000 preserved and 10,000 unpreserved original manuscripts.",
"time_scraped": "2018-08-16 06:03:27.560927",
"article_id": "64954053",
"article_category": "IndiaNews",
"image_details": [
{
"url": "https://timesofindia.indiatimes.com/thumb/msid-64954052,imgsize-59533,width-400,resizemode-4/64954052.jpg",
"path": "full/a5ac7cb1e565f1c1ab499b286ec4852aabfcf294.jpg",
"checksum": "aa77b4f130c794613ac82ac65e7fb1ed"
}
]
}