{
"source_article_link": "https://timesofindia.indiatimes.com/india/swachh-twitter-abhiyan/articleshow/64985539.cms?&utm_source=Articleshow&utm_medium=Organic&utm_campaign=Related_Stories",
"title": "Swachh Twitter Abhiyan",
"date_published": "2018-07-14T12:02:56+05:30",
"source_type": "news_article",
"source_name": "timesofindia.indiatimes.com",
"image_link": [
"https://timesofindia.indiatimes.com/thumb/msid-64985539,width-400,resizemode-4/64985539.jpg"
],
"article_body": "Last year, had accused of using fake followers to increase his social media profile. It turns out, at least from the recent , that PM Modi had nearly 18-times more fake followers than Gandhi. Here\u2019s a look at how many followers Indian politicians lost in the recent purge.  Of course, this is nowhere close the decline in followers of several international icons. Pop star , who has the most followed account on Twitter lost 2.8 million followers. Others who saw a drop in followers include former US president , and . Here\u2019s more on how many followers top Twitter users lost in the purge. ",
"description": "Last year, had accused of using fake followers to increase his social media profile. It turns out, at least from the recent , that PM Modi had nearly 18-times more fake followers than Gandhi. Here\u2019s a look at how many followers Indian politicians lost in the recent purge.",
"time_scraped": "2018-08-19 21:00:34.514945",
"article_id": "64985539",
"article_category": "IndiaNews",
"image_details": [
{
"url": "https://timesofindia.indiatimes.com/thumb/msid-64985539,width-400,resizemode-4/64985539.jpg",
"path": "full/11f15a0b366f94bfd24ee4f8569206f39f2324ab.jpg",
"checksum": "cdcc170cb13bf1387fc59185af61d797"
}
]
}