{
"source_article_link": "https://timesofindia.indiatimes.com/india/mamata-banerjee-meets-advani-kirti-azad-cong-leaders-in-parliament/articleshow/65226439.cms?&utm_source=Articleshow&utm_medium=Organic&utm_campaign=Related_Stories",
"title": "Mamata Banerjee meets Advani, Kirti Azad, Cong leaders in Parliament",
"date_published": "2018-08-01T13:41:34+05:30",
"source_type": "news_article",
"source_name": "timesofindia.indiatimes.com",
"image_link": [
"https://timesofindia.indiatimes.com/thumb/msid-65226440,imgsize-71093,width-400,resizemode-4/65226440.jpg"
],
"article_body": "NEW DELHI: West Bengal Chief Minister and President met veteran BJP leader L K at his chamber in today and termed it a \"courtesy call\". Their meeting lasted 20 minutes. \"I know Advaniji for a very long time. I went to enquire about his health. It was a courtesy call,\" Banerjee said after the meeting. Suspended BJP MP also came to meet her at the TMC office in Parliament, followed by Congress leaders Gulam Nabi Azad and Ahmed Patel, and Samajwadi Party leader Ram Gopal Yadav. \"He efforts to unite opposition leaders are commendable,\" Azad said after the meeting. The West Bengal chief minister is expected to meet leaders of 14 opposition parties and some NDA allies in Parliament today.",
"description": "NEW DELHI: West Bengal Chief Minister and President met veteran BJP leader L K at his chamber in today and termed it a \"courtesy call\".",
"time_scraped": "2018-08-17 21:00:26.296075",
"article_id": "65226439",
"article_category": "IndiaNews",
"image_details": [
{
"url": "https://timesofindia.indiatimes.com/thumb/msid-65226440,imgsize-71093,width-400,resizemode-4/65226440.jpg",
"path": "full/c22a9fa6af29a2dec81ea1c8bc52671c21c71546.jpg",
"checksum": "235dfb898e0a662146d26a4aeecf663e"
}
]
}