{
"source_article_link": "https://timesofindia.indiatimes.com/india/choksi-clean-chit-mum-police-start-probe/articleshow/65275792.cms?&utm_source=Articleshow&utm_medium=Organic&utm_campaign=Related_Stories",
"title": "Mehul Choksi clean chit: Mumbai police start probe",
"date_published": "2018-08-05T09:43:29+05:30",
"source_type": "news_article",
"source_name": "timesofindia.indiatimes.com",
"image_link": [
"https://timesofindia.indiatimes.com/thumb/msid-65275795,imgsize-94439,width-400,resizemode-4/65275795.jpg"
],
"article_body": "NEW DELHI: A day after a police verification report giving clean chit to fugitive diamantaire Mehul sparked a controversy, the Mumbai police brass ordered an enquiry to find out if there were any lapses in the process even as senior Congress leader P Chidambaram wondered how the diamond merchant could have fled the country despite being under investigation since 2016. The Mumbai police on Saturday defended its verification procedures for passport, saying that the criminal antecedents and information system (CAIS), used to check the criminal record of an applicant in a particular police station area, didn\u2019t throw up any \u201ccriminal\u201d on Choksi as he had never been arrested. \u201cOn February 23, 2017, Mehul Choksi had applied for getting police clearance certificate (PCC) to RPO (regional passport office), Mumbai. The next day, Personal Particular Form was downloaded by police station for verification. On March 10, 2017, the Malabar Hill police station submitted a clear report i.e. no criminal antecedents against Mehul Choksi...\u201d the Mumbai police said in a statement on Saturday. The report was forwarded to RPO on March 14, 2017, by passport branch SB-II, CID, Mumbai police. The police said the CAIS reflects the applicant\u2019s name only if he has been arrested in any offence. At the time of issuance of Choksi\u2019s passport in 2015 too, \u201cno police verification status was granted by RPO Mumbai\u201d, so no police verification ( ) was generated by the city police, the statement added.",
"description": "NEW DELHI: A day after a police verification report giving clean chit to fugitive diamantaire Mehul sparked a controversy, the Mumbai police brass ordered an enquiry to find out if there were any lapses in the process even as senior Congress leader P Chidambaram wondered how the diamond merchant could have fled the country despite being under investigation since 2016. The Mumbai police on Saturday defended its verification procedures for passport, saying that the criminal antecedents and information system (CAIS), used to check the criminal record of an applicant in a particular police station area, didn\u2019t throw up any \u201ccriminal\u201d on Choksi as he had never been arrested. \u201cOn February 23, 2017, Mehul Choksi had applied for getting police clearance certificate (PCC) to RPO (regional passport office), Mumbai. The next day, Personal Particular Form was downloaded by police station for verification. On March 10, 2017, the Malabar Hill police station submitted a clear report i.e. no criminal antecedents against Mehul Choksi...\u201d the Mumbai police said in a statement on Saturday. The report was forwarded to RPO on March 14, 2017, by passport branch SB-II, CID, Mumbai police.",
"time_scraped": "2018-08-20 06:00:13.876716",
"article_id": "65275792",
"article_category": "IndiaNews",
"image_details": [
{
"url": "https://timesofindia.indiatimes.com/thumb/msid-65275795,imgsize-94439,width-400,resizemode-4/65275795.jpg",
"path": "full/ff449eecda07f4191f6649c27a9d9e99ad1f0fe7.jpg",
"checksum": "136f910940ed5b196e59afb06487eb53"
}
]
}