{
"source_article_link": "https://timesofindia.indiatimes.com/india/lets-naveed-jatt-emerges-at-terrorists-funeral-in-kashmirs-shopian-district/articleshow/65272049.cms?&utm_source=Articleshow&utm_medium=Organic&utm_campaign=Related_Stories",
"title": "LeT's Naveed Jatt emerges at terrorist's funeral in Kashmir's Shopian district",
"date_published": "2018-08-04T18:49:24+05:30",
"source_type": "news_article",
"source_name": "timesofindia.indiatimes.com",
"image_link": [
"https://timesofindia.indiatimes.com/thumb/msid-65272066,imgsize-319429,width-400,resizemode-4/65272066.jpg"
],
"article_body": "SRINAGAR: Wanted (LeT) terrorist , who fled from police custody early this year, on Saturday made an appearance at the funeral of a terrorist killed in a gun battle with security forces in 's Shopian district. Photographs of Jatt offering a gun salute to at his funeral in Shopian's Malikgund village have surfaced on social media. Jatt escaped from police custody on February 6 while he was being taken to Shri Maharaja Hari Singh Hospital here for a medical examination. Two policemen were killed in a shootout at the hospital. He is also an accused in the murder case of journalist Shujaat Bukhari, who was shot dead outside his office at Press Enclave here on June 14.",
"description": "SRINAGAR: Wanted (LeT) terrorist , who fled from police custody early this year, on Saturday made an appearance at the funeral of a terrorist killed in a gun battle with security forces in 's Shopian district. Photographs of Jatt offering a gun salute to",
"time_scraped": "2018-08-19 00:43:44.906082",
"article_id": "65272049",
"article_category": "IndiaNews",
"image_details": [
{
"url": "https://timesofindia.indiatimes.com/thumb/msid-65272066,imgsize-319429,width-400,resizemode-4/65272066.jpg",
"path": "full/4ed1895288b06789ce411b1cb985369b47b272bc.jpg",
"checksum": "318c962fcb386ca20fa346fe7a991ddf"
}
]
}