{
"source_article_link": "https://timesofindia.indiatimes.com/india/23-dead-in-24-hours-as-flash-floods-hit-kerala/articleshow/65345919.cms?&utm_source=Articleshow&utm_medium=Organic&utm_campaign=Related_Stories",
"title": "23 dead in 24 hours as flash floods hit Kerala",
"date_published": "2018-08-10T12:30:59+05:30",
"source_type": "news_article",
"source_name": "timesofindia.indiatimes.com",
"image_link": [],
"article_body": "IDUKKI/THIRUVANANTHAPURAM: Twenty-three people were killed in flash floods and landslides caused by incessant torrential rain across in the last 24 hours. Four people are missing. The army and air force joined rescue operations in Idukki and Wayanad. The shutters of 24 dams were opened. With the water level at Idukki reservoir, Asia\u2019s highest arch dam, rapidly rising to the danger mark, the government on Thursday opened one of the five shutters of the connected Cheruthoni dam.   With just one shutter partially open, 50,000 litres of water were discharged in one second, indicating the kind of impact the opening of all five shutters would have on heavily populated townsdownstream. Idukki, parts of northern Kerala and Palakkad district bore the brunt of the floods, and landslides were reported from eight places in Wayanad, and Idukki. was inundated after the shutters of the Kakki dam were opened. Eleven deaths were reported from Idukki district, six from Malappuram, three from , from Kozhikode and one from Wayanad districts.",
"description": "The army and air force joined rescue operations in Idukki and Wayanad The shutters of 24 dams were opened Eleven deaths were reported from Idukki district, six from Malappuram, three from Ernakulam, from Kozhikode and one from Wayanad districts",
"time_scraped": "2018-08-16 15:00:18.379645",
"article_id": "65345919",
"article_category": "IndiaNews",
"image_details": []
}