{
"source_article_link": "https://timesofindia.indiatimes.com/india/india-afghanistan-discuss-development-projects/articleshow/65356431.cms?&utm_source=Articleshow&utm_medium=Organic&utm_campaign=Related_Stories",
"title": "India, Afghanistan discuss development projects",
"date_published": "2018-08-10T19:44:30+05:30",
"source_type": "news_article",
"source_name": "timesofindia.indiatimes.com",
"image_link": [],
"article_body": "KABUL: India andhave discussed several ongoing development projects spread over varied areas of cooperation such as capacity building,, education, healthcare, good-governance and human resource development.Officials from both the countries discussed the projects during the second meeting of India-Afghanistan Joint Working Group on Development Cooperation (JWG-DC) inon Thursday.The JWG-DC is one of the four Joint Working Groups formed under the India-Afghanistan Strategic Partnership Council, which is headed by the External Affairs Minister of India and the Foreign Minister of Afghanistan.The Strategic Partnership Council is mandated for the overall management of the strategic relationship between India and Afghanistan.During the meeting of the JWG-DC, both sides had an exhaustive review of the large number of ongoing development projects spread over varied areas of cooperation such as capacity building, infrastructure, education, healthcare, good-governance and human resource development, a statement said.The two sides also expressed satisfaction over the successful completion of several development projects such as the Afghan Parliament building, Afghan-India Friendship Dam, the first phase of Chabahar port and others.The Afghan side highly appreciated India's timely assistance of 170,000 tonnes of wheat and 2,000 tonnes of pulses during this year when large parts of the country are suffering from drought.Both sides also expressed satisfaction that these largescale deliveries were made from India to Afghanistan via Chabahar, highlighting the viability of Chabahar as a route for trade and commerce.Both sides underscored the importance of access through Chabahar port for strengthening trade and economic relations.Encouraged by high level of cooperation in the field of development assistance and deep mutual trust between the two sides, it was decided to take up several small, medium and largescale projects for implementation in the near future.These projects most prominently include the Shahtoot dam, low cost housing for the returning refugees inof Afghanistan, polyclinic in Mazar e Sharif, construction of road connecting Band-e-Amir into the Bamyan-Yakawlang Highway and many others.Both sides underscored the importance of safety and security of Indian personnel involved in development projects in Afghanistan.The Afghan side assured their cooperation in ensuring the security of the Indian personnel.The Indian side also accepted the request for consideration of new projects, shared by the Afghan side. It was agreed that these projects will be examined and considered for implementation, based on the priorities of the people and the Government of Afghanistan.",
"description": "KABUL: India andhave discussed several ongoing development projects spread over varied areas of cooperation such as capacity building,, education, healthcare, good-governance and human resource development.Officials from both the countries discussed the projects during the second meeting of India-Afghanistan Joint Working Group on Development Cooperation (JWG-DC) inon Thursday.",
"time_scraped": "2018-08-16 01:35:29.331885",
"article_id": "65356431",
"article_category": "IndiaNews",
"image_details": []
}