{
"source_article_link": "https://timesofindia.indiatimes.com/india/passports-damaged-in-kerala-floods-to-be-replaced-free-of-cost-swaraj/articleshow/65377598.cms?&utm_source=Articleshow&utm_medium=Organic&utm_campaign=Related_Stories",
"title": "Passports damaged in Kerala floods to be replaced free of cost: Swaraj",
"date_published": "2018-08-12T21:40:47+05:30",
"source_type": "news_article",
"source_name": "timesofindia.indiatimes.com",
"image_link": [
"https://timesofindia.indiatimes.com/thumb/msid-65377625,imgsize-200148,width-400,resizemode-4/65377625.jpg"
],
"article_body": "NEW DELHI: External affairs minister on Sunday announced that damaged in in will be replaced free of cost by the government. \"There are unprecedented floods in Kerala causing huge damage. We have decided that as the situation becomes normal, passports damaged on account (of) floods shall be replaced free of charge. Please contact the concerned ,\" Swaraj tweeted.  Kerala has been reeling under massive floods in which over 35 people have lost their lives and thousands of people were rendered homeless. Around 10 of the 14 districts in state have been affected by the floods.",
"description": "NEW DELHI: External affairs minister on Sunday announced that damaged in in will be replaced free of cost by the government.",
"time_scraped": "2018-08-17 09:00:15.295141",
"article_id": "65377598",
"article_category": "IndiaNews",
"image_details": [
{
"url": "https://timesofindia.indiatimes.com/thumb/msid-65377625,imgsize-200148,width-400,resizemode-4/65377625.jpg",
"path": "full/1cdec4f723bbc5a8dd86f114dac4f22308fefa26.jpg",
"checksum": "9d725693e262b514fb94783e65cbe9fa"
}
]
}