{
"source_article_link": "https://timesofindia.indiatimes.com/india/when-cm-arvind-kejriwal-sang-hum-honge-kamyaab-at-i-day-event/articleshow/65411621.cms?&utm_source=Articleshow&utm_medium=Organic&utm_campaign=Related_Stories",
"title": "When CM Arvind Kejriwal sang \u2018Hum Honge Kamyaab\u2019 at I-Day event",
"date_published": "2018-08-15T15:24:59+05:30",
"source_type": "news_article",
"source_name": "timesofindia.indiatimes.com",
"image_link": [
"https://timesofindia.indiatimes.com/thumb/msid-65412020,imgsize-1473762,width-400,resizemode-4/65412020.jpg"
],
"article_body": "NEW DELHI: Delhi chief minister Arvind Kejriwal marked the 72ndby singing lines from the famous song, ' Hum Honge Kamyaab' at an event in Delhi's Chhatrasal Stadium.In a video, the Delhi chief minister can be seen humming the lines of the famous song at the event.The Hindi song is an adaptation of the gospel song, which became the protest anthem during the American Civil Rights Movement. In India, it was translated by renowned poet Girija Kumar Mathur.Earlier in the day, the chief minister in a tweet, quoted lines from Muhammad Iqbal's 'Sare Jahan Se Achcha' to wish the people of the country.",
"description": "In a video, the Delhi chief minister can be seen humming the lines of the famous song at the eventEarlier in the day, the chief minister in a tweet, quoted lines from Muhammad Iqbal's 'Sare Jahan Se Achcha' to wish the people of the country on the occasion of Independence Day",
"time_scraped": "2018-08-16 01:33:48.925955",
"article_id": "65411621",
"article_category": "IndiaNews",
"image_details": [
{
"url": "https://timesofindia.indiatimes.com/thumb/msid-65412020,imgsize-1473762,width-400,resizemode-4/65412020.jpg",
"path": "full/5bef3e68fe04b32cdd0e80d75e75abd173b39200.jpg",
"checksum": "aa5d5046e6da3ce4012535c91bd8ccfd"
}
]
}